{
    // Use IntelliSense to learn about possible attributes.
    // Hover to view descriptions of existing attributes.
    // For more information, visit: https://go.microsoft.com/fwlink/?linkid=830387
    "version": "0.2.0",
    "configurations": [
        
        {
            "args": [
                "--extensionDevelopmentPath=${workspaceFolder}"
            ],
            "name": "Launch Extension",
            "outFiles": [
                "${workspaceFolder}/out/**/*.js"
            ],
            "preLaunchTask": "npm",
            "request": "launch",
            "type": "extensionHost"
        },
        {
            "command": "npm start",
            "name": "Run npm start",
            "request": "launch",
            "type": "node-terminal"
        },
        {
            "args": [
                "generator"
            ],
            "console": "integratedTerminal",
            "internalConsoleOptions": "neverOpen",
            "name": "Yeoman generator",
            "program": "${workspaceFolder}/node_modules/yo/lib/cli.js",
            "request": "launch",
            "skipFiles": [
                "<node_internals>/**"
            ],
            "type": "node"
        },
        {
            "console": "integratedTerminal",
            "internalConsoleOptions": "neverOpen",
            "name": "nodemon",
            "program": "${workspaceFolder}/app.js",
            "request": "launch",
            "restart": true,
            "runtimeExecutable": "nodemon",
            "skipFiles": [
                "<node_internals>/**"
            ],
            "type": "node"
        },
        {
            "console": "integratedTerminal",
            "internalConsoleOptions": "neverOpen",
            "name": "nodemon",
            "program": "${workspaceFolder}/app.js",
            "request": "launch",
            "restart": true,
            "runtimeExecutable": "nodemon",
            "skipFiles": [
                "<node_internals>/**"
            ],
            "type": "node"
        },
        {
            "args": [
                "-u",
                "tdd",
                "--timeout",
                "999999",
                "--colors",
                "${workspaceFolder}/test"
            ],
            "internalConsoleOptions": "openOnSessionStart",
            "name": "Mocha Tests",
            "program": "${workspaceFolder}/node_modules/mocha/bin/_mocha",
            "request": "launch",
            "skipFiles": [
                "<node_internals>/**"
            ],
            "type": "node"
        },
        {
            "name": "Launch via NPM",
            "request": "launch",
            "runtimeArgs": [
                "run-script",
                "debug"
            ],
            "runtimeExecutable": "npm",
            "skipFiles": [
                "<node_internals>/**"
            ],
            "type": "node"
        },
        {
            "name": "Launch Program",
            "program": "${workspaceFolder}/app.js",
            "request": "launch",
            "skipFiles": [
                "<node_internals>/**"
            ],
            "type": "node"
        },
        {
            "args": [
                "task"
            ],
            "name": "Gulp task",
            "program": "${workspaceFolder}/node_modules/gulp/bin/gulp.js",
            "request": "launch",
            "skipFiles": [
                "<node_internals>/**"
            ],
            "type": "node"
        },
        {
            "args": [
                "task"
            ],
            "name": "Gulp task",
            "program": "${workspaceFolder}/node_modules/gulp/bin/gulp.js",
            "request": "launch",
            "skipFiles": [
                "<node_internals>/**"
            ],
            "type": "node"
        },
        {
            "name": "Electron Main",
            "program": "${workspaceFolder}/main.js",
            "request": "launch",
            "runtimeExecutable": "${workspaceFolder}/node_modules/.bin/electron",
            "skipFiles": [
                "<node_internals>/**"
            ],
            "type": "node"
        },
        {
            "address": "TCP/IP address of process to be debugged",
            "localRoot": "${workspaceFolder}",
            "name": "Attach to Remote",
            "port": 9229,
            "remoteRoot": "Absolute path to the remote directory containing the program",
            "request": "attach",
            "skipFiles": [
                "<node_internals>/**"
            ],
            "type": "node"
        },
        {
            "name": "Attach by Process ID",
            "processId": "${command:PickProcess}",
            "request": "attach",
            "skipFiles": [
                "<node_internals>/**"
            ],
            "type": "node"
        },
        {
            "name": "Attach",
            "port": 9229,
            "request": "attach",
            "skipFiles": [
                "<node_internals>/**"
            ],
            "type": "node"
        },
        {
            "name": "Launch Edge",
            "request": "launch",
            "type": "msedge",
            "url": "http://localhost:8080",
            "webRoot": "${workspaceFolder}"
        },
        {
            "name": "Attach to Edge",
            "port": 9222,
            "request": "attach",
            "type": "msedge",
            "webRoot": "${workspaceFolder}"
        },
        {
            "name": "Launch Chrome",
            "request": "launch",
            "type": "chrome",
            "url": "http://localhost:8080",
            "webRoot": "${workspaceFolder}"
        },
        {
            "name": "Attach to Chrome",
            "port": 9222,
            "request": "attach",
            "type": "chrome",
            "webRoot": "${workspaceFolder}"
        },
        {
            "type": "node",
            "request": "launch",
            "name": "Launch Server",
            "program": "${workspaceFolder}/server.js"
        },
        {
            "type": "chrome",
            "request": "launch",
            "name": "Launch Chrome",
            "url": "http://localhost:3000",
            "webRoot": "${workspaceFolder}"
        }
    ]
}